title,author,categories,period,poem
"""Lettres d'un Soldat""",By Wallace Stevens,[],Modern,"PBoetry ett get  MAY, 1918     LETTRES DUN SOLDAT  OMBATTRE avec ses fréres, a sa place, a son rang, avec des yeux dessillés, sans espoir de la gloire et de profit, et simplement parceque telle est la loi, voila le com- mandement que donne le dieu au guerrier Arjuna, quand celui-ci doute sil doit se détourner de l'absolu pour le cauche- mar humain de la bataille. . . . Simplement qu Arjuna bande son arc avec les autres Kshettryas! (Préface d André Chevrillon.) I Jamais la majesté de la nuit ne mapporta autant de con- solation quen cette accumulation dépreuves. Vénus, étin- celante, mest une amie. (27 septembre)  The spirit wakes in the night windis naked. What is it that hides in the night wind Near by it?  [59] "
The Song of the Nightingale is Like the Scent of Syringa,By Mina Loy,"['Relationships', 'Pets', 'Nature', 'Animals', 'Trees & Flowers', 'Free Verse']",Modern,Nightingale singinggale of Nanking Singmystery of Ming-dynasty sing ing in Ming Syringa Myringa Singer Song-winged sing-wind syringa ringer Song-wing sing long syringa lingerer
The Murder of Two Men by a Young Kid Wearing Lemon-colored Gloves,By Kenneth Patchen,"['Living', 'Death', 'Social Commentaries', 'Crime & Punishment', 'Free Verse']",Beat,Wait. Wait. Wait. Wait. Wait. Wait. Wait. W a i t. Wait. Wait. Wait. Wait. Wait. Wait. NOW.
"(""car swerves..."")",By Aram Saroyan,[],New York School (2nd Generation),"ARAM SAROYAN  jruinsgilje  car swerves, injures 11;  driver held  377 "
"(""j;u;n;g;l;e;..."")",By Aram Saroyan,[],New York School (2nd Generation),"ARAM SAROYAN  jruinsgilje  car swerves, injures 11;  driver held  377 "
Paradise,By Aram Saroyan,"['Nature', 'Stars, Planets, Heavens', 'Religion', 'God & the Divine', 'Free Verse']",New York School (2nd Generation),Look the moon. Nuts look like wood but taste good.
[Poem],By Aram Saroyan,[],New York School (2nd Generation),POETRY  ARAM SAROYAN  night night night night night night night night night night night night night night night  162 
